<?xml version="1.0" encoding="UTF-8"?>
<!DOCTYPE mapper
  PUBLIC "-//mybatis.org//DTD Mapper 3.0//EN"
  "http://mybatis.org/dtd/mybatis-3-mapper.dtd">

<mapper namespace="MemberDao">


	<insert id="insertMember">
		INSERT INTO CUSTOMER(CUSTOMER_ID, ID, PASSWORD, NAME, AGE, SEX, ADDRESS,
		IDENTITY_NUMBER, EMAIL, PHONE_NUMBER,START_DATE,END_DATE)
		VALUES((SELECT NVL(MAX(CUSTOMER_ID),0)+1 FROM CUSTOMER), #{id},
		#{password}, #{name}, #{age}, #{sex},
		#{address}, #{identity_number}, #{email}, #{phone_number},SYSDATE,'9999-12-31')
	</insert>

	<select id="selectId" resultType="string">
		SELECT ID FROM CUSTOMER
		WHERE ID = #{memberId}
	</select>

	<select id="selectInfo" resultType="VO.MemberVo">
		SELECT * FROM CUSTOMER
		WHERE
		ID = #{id} AND PASSWORD = #{password} AND END_DATE = (SELECT
		TO_DATE('9999-12-31','YYYY-MM-DD')FROM DUAL)
	</select>

	<select id="selectCheckIdEmail" resultType="VO.MemberVo">
		SELECT * FROM CUSTOMER
		WHERE ID = #{id} AND EMAIL = #{email}
	</select>

	<update id="updateInfo">
		UPDATE CUSTOMER
		SET
		PASSWORD = #{password},
		AGE = #{age},
		ADDRESS = #{address},
		EMAIL = #{email},
		PHONE_NUMBER = #{phone_number}
		WHERE
		CUSTOMER_ID = #{customer_id}
	</update>

	<update id="updateEndDate">
		UPDATE CUSTOMER
		SET
		END_DATE = SYSDATE
		WHERE ID = #{id} AND PASSWORD = #{password}
	</update>

</mapper>
