<?xml version="1.0" encoding="UTF-8"?>
<beans xmlns="http://www.springframework.org/schema/beans"
	xmlns:xsi="http://www.w3.org/2001/XMLSchema-instance"
	xmlns:tx="http://www.springframework.org/schema/tx"
	xmlns:mybatis-spring="http://mybatis.org/schema/mybatis-spring"
	xmlns:mvc="http://www.springframework.org/schema/mvc"
	xmlns:context="http://www.springframework.org/schema/context"
	xsi:schemaLocation="http://www.springframework.org/schema/jdbc http://www.springframework.org/schema/jdbc/spring-jdbc-4.3.xsd
		http://mybatis.org/schema/mybatis-spring http://mybatis.org/schema/mybatis-spring-1.2.xsd
		http://www.springframework.org/schema/mvc http://www.springframework.org/schema/mvc/spring-mvc-4.3.xsd
		http://www.springframework.org/schema/beans https://www.springframework.org/schema/beans/spring-beans.xsd
		http://www.springframework.org/schema/context http://www.springframework.org/schema/context/spring-context-4.3.xsd
		http://www.springframework.org/schema/tx http://www.springframework.org/schema/tx/spring-tx-4.3.xsd">
	
	<!-- Root Context: defines shared resources visible to all other web components -->
		
	<!-- 데이터베이스 연결 -->
	<bean id="dataSource" class="org.apache.tomcat.jdbc.pool.DataSource" destroy-method="close">
		 <property name="driverClassName" value="oracle.jdbc.driver.OracleDriver"/> 
		 <property name="url" value="jdbc:oracle:thin:@localhost:1521:orcl" />
		 <property name="username" value="shopManager"/>
		 <property name="password" value="shopManager"/> 
		 <property name="initialSize" value="2"/>
		 <property name="maxActive" value="10"/>
	</bean>
 
	 <!-- sqlSessionFactory / 연결과 SQL의 실행에 대한 모든 것을 가진 객체 -->
	 <bean id="sqlSessionFactory" class="org.mybatis.spring.SqlSessionFactoryBean">
		 <property name="dataSource" ref="dataSource" />
	 	 <property name="mapperLocations" value="classpath:/mappers/**/*.xml" />
	 </bean> 
	 
	  <!-- SqlSession -->
	 <bean id="sqlSession" class="org.mybatis.spring.SqlSessionTemplate" destroy-method="clearCache">
	 	<constructor-arg index="0" ref="sqlSessionFactory" />
	 </bean>
	 	 
	  <!-- 트랜잭션 매니저 bean 을 등록합니다. -->
	 <bean id="transactionManager" class="org.springframework.jdbc.datasource.DataSourceTransactionManager"> 
			<property name="dataSource" ref="dataSource" />
	 </bean>
	 
</beans>
